"","x","y","ymin","ymax","feature"
"1",40.6235294117647,0.822793988757795,0.795820077370474,0.846890004520037,"dateset1"
"2",41.6235294117647,0.823083458500091,0.796202431279804,0.847099752075589,"dateset1"
"3",42.6235294117647,0.823372556894244,0.79658376186691,0.847309655594793,"dateset1"
"4",43.6235294117647,0.823661284084991,0.796964068157519,0.847519716340279,"dateset1"
"5",44.6235294117647,0.823949640218165,0.797343349194314,0.84772993556272,"dateset1"
"6",45.6235294117647,0.824237625440684,0.797721604037377,0.847940314500372,"dateset1"
"7",46.6235294117647,0.824525239900553,0.798098831764629,0.848150854378606,"dateset1"
"8",47.6235294117647,0.824812483746855,0.798475031472284,0.848361556409443,"dateset1"
"9",48.6235294117647,0.82509935712975,0.798850202275298,0.848572421791077,"dateset1"
"10",49.6235294117647,0.825385860200474,0.79922434330783,0.848783451707396,"dateset1"
"11",50.6235294117647,0.825671993111328,0.799597453723707,0.8489946473275,"dateset1"
"12",51.6235294117647,0.825957756015682,0.799969532696887,0.849206009805212,"dateset1"
"13",52.6235294117647,0.826243149067968,0.800340579421935,0.849417540278585,"dateset1"
"14",53.6235294117647,0.826528172423673,0.800710593114496,0.849629239869407,"dateset1"
"15",54.6235294117647,0.826812826239343,0.801079573011776,0.849841109682703,"dateset1"
"16",55.6235294117647,0.827097110672571,0.801447518373022,0.850053150806226,"dateset1"
"17",56.6235294117647,0.827381025881999,0.801814428480015,0.850265364309958,"dateset1"
"18",57.6235294117647,0.827664572027314,0.802180302637551,0.850477751245592,"dateset1"
"19",58.6235294117647,0.82794774926924,0.802545140173939,0.850690312646024,"dateset1"
"20",59.6235294117647,0.828230557769538,0.802908940441497,0.850903049524836,"dateset1"
"21",60.6235294117647,0.828512997691002,0.803271702817045,0.851115962875779,"dateset1"
"22",61.6235294117647,0.828795069197454,0.80363342670241,0.851329053672248,"dateset1"
"23",62.6235294117647,0.829076772453741,0.803994111524925,0.851542322866765,"dateset1"
"24",63.6235294117647,0.829358107625732,0.804353756737934,0.85175577139045,"dateset1"
"25",64.6235294117647,0.829639074880314,0.804712361821297,0.8519694001525,"dateset1"
"26",65.6235294117647,0.829919674385385,0.805069926281896,0.852183210039659,"dateset1"
"27",66.6235294117647,0.830199906309857,0.805426449654143,0.852397201915689,"dateset1"
"28",67.6235294117647,0.830479770823647,0.805781931500489,0.852611376620844,"dateset1"
"29",68.6235294117647,0.830759268097673,0.806136371411929,0.852825734971342,"dateset1"
"30",69.6235294117647,0.831038398303856,0.806489769008514,0.853040277758832,"dateset1"
"31",70.6235294117647,0.831317161615109,0.806842123939856,0.85325500574987,"dateset1"
"32",71.6235294117647,0.831595558205338,0.807193435885639,0.853469919685389,"dateset1"
"33",72.6235294117647,0.831873588249439,0.80754370455612,0.853685020280171,"dateset1"
"34",73.6235294117647,0.83215125192329,0.807892929692641,0.853900308222324,"dateset1"
"35",74.6235294117647,0.83242854940375,0.808241111068125,0.854115784172757,"dateset1"
"36",75.6235294117647,0.832705480868656,0.808588248487585,0.854331448764656,"dateset1"
"37",76.6235294117647,0.832982046496819,0.808934341788617,0.854547302602967,"dateset1"
"38",77.6235294117647,0.833258246468018,0.8092793908419,0.854763346263879,"dateset1"
"39",78.6235294117647,0.833534080963,0.809623395551689,0.854979580294307,"dateset1"
"40",79.6235294117647,0.833809550163474,0.809966355856304,0.855196005211384,"dateset1"
"41",80.6235294117647,0.834084654252106,0.810308271728618,0.855412621501956,"dateset1"
"42",81.6235294117647,0.834359393412519,0.810649143176535,0.855629429622075,"dateset1"
"43",82.6235294117647,0.834633767829288,0.810988970243473,0.855846429996505,"dateset1"
"44",83.6235294117647,0.834907777687933,0.811327753008833,0.856063623018227,"dateset1"
"45",84.6235294117647,0.835181423174922,0.811665491588467,0.856281009047952,"dateset1"
"46",85.6235294117647,0.83545470447766,0.812002186135139,0.856498588413639,"dateset1"
"47",86.6235294117647,0.835727621784492,0.812337836838981,0.85671636141002,"dateset1"
"48",87.6235294117647,0.836000175284694,0.812672443927942,0.856934328298129,"dateset1"
"49",88.6235294117647,0.836272365168472,0.813006007668229,0.857152489304843,"dateset1"
"50",89.6235294117647,0.836544191626958,0.813338528364741,0.857370844622423,"dateset1"
"51",90.6235294117647,0.836815654852208,0.813670006361499,0.857589394408071,"dateset1"
"52",91.6235294117647,0.837086755037194,0.814000442042059,0.857808138783486,"dateset1"
"53",92.6235294117647,0.837357492375804,0.814329835829929,0.858027077834442,"dateset1"
"54",93.6235294117647,0.83762786706284,0.814658188188963,0.858246211610355,"dateset1"
"55",94.6235294117647,0.837897879294007,0.814985499623758,0.85846554012388,"dateset1"
"56",95.6235294117647,0.838167529265919,0.815311770680036,0.858685063350505,"dateset1"
"57",96.6235294117647,0.838436817176086,0.815637001945012,0.858904781228161,"dateset1"
"58",97.6235294117647,0.83870574322292,0.815961194047759,0.859124693656836,"dateset1"
"59",98.6235294117647,0.838974307605722,0.816284347659557,0.859344800498209,"dateset1"
"60",99.6235294117647,0.839242510524684,0.816606463494233,0.859565101575286,"dateset1"
"61",100.623529411765,0.839510352180886,0.816927542308487,0.859785596672056,"dateset1"
"62",101.623529411765,0.839777832776287,0.817247584902211,0.860006285533156,"dateset1"
"63",102.623529411765,0.840044952513729,0.817566592118786,0.860227167863542,"dateset1"
"64",103.623529411765,0.840311711596926,0.81788456484538,0.860448243328183,"dateset1"
"65",104.623529411765,0.840578110230466,0.818201504013219,0.860669511551767,"dateset1"
"66",105.623529411765,0.840844148619802,0.818517410597852,0.860890972118407,"dateset1"
"67",106.623529411765,0.841109826971256,0.818832285619403,0.861112624571381,"dateset1"
"68",107.623529411765,0.841375145492007,0.819146130142806,0.861334468412872,"dateset1"
"69",108.623529411765,0.841640104390093,0.819458945278022,0.861556503103727,"dateset1"
"70",109.623529411765,0.841904703874406,0.819770732180252,0.86177872806323,"dateset1"
"71",110.623529411765,0.842168944154688,0.820081492050125,0.862001142668893,"dateset1"
"72",111.623529411765,0.842432825441527,0.82039122613387,0.862223746256259,"dateset1"
"73",112.623529411765,0.842696347946355,0.820699935723485,0.862446538118719,"dateset1"
"74",113.623529411765,0.842959511881444,0.821007622156873,0.862669517507353,"dateset1"
"75",114.623529411765,0.843222317459899,0.821314286817973,0.862892683630778,"dateset1"
"76",115.623529411765,0.843484764895661,0.821619931136874,0.863116035655019,"dateset1"
"77",116.623529411765,0.843746854403498,0.821924556589906,0.863339572703392,"dateset1"
"78",117.623529411765,0.844008586199003,0.822228164699718,0.863563293856408,"dateset1"
"79",118.623529411765,0.844269960498591,0.822530757035344,0.863787198151693,"dateset1"
"80",119.623529411765,0.844530977519496,0.82283233521224,0.86401128458392,"dateset1"
"81",120.623529411765,0.844791637479766,0.823132900892313,0.864235552104771,"dateset1"
"82",121.623529411765,0.84505194059826,0.82343245578393,0.864459999622901,"dateset1"
"83",122.623529411765,0.845311887094644,0.823731001641907,0.864684626003933,"dateset1"
"84",123.623529411765,0.84557147718939,0.824028540267485,0.864909430070462,"dateset1"
"85",124.623529411765,0.845830711103769,0.824325073508278,0.865134410602083,"dateset1"
"86",125.623529411765,0.846089589059848,0.824620603258217,0.865359566335435,"dateset1"
"87",126.623529411765,0.84634811128049,0.824915131457464,0.86558489596426,"dateset1"
"88",127.623529411765,0.846606277989345,0.825208660092312,0.865810398139488,"dateset1"
"89",128.623529411765,0.846864089410854,0.825501191195069,0.86603607146933,"dateset1"
"90",129.623529411765,0.847121545770235,0.82579272684392,0.866261914519401,"dateset1"
"91",130.623529411765,0.847378647293489,0.826083269162771,0.866487925812851,"dateset1"
"92",131.623529411765,0.847635394207394,0.826372820321079,0.86671410383052,"dateset1"
"93",132.623529411765,0.847891786739498,0.826661382533656,0.866940447011112,"dateset1"
"94",133.623529411765,0.848147825118118,0.826948958060462,0.867166953751383,"dateset1"
"95",134.623529411765,0.848403509572338,0.827235549206377,0.867393622406351,"dateset1"
"96",135.623529411765,0.848658840332003,0.827521158320952,0.867620451289523,"dateset1"
"97",136.623529411765,0.848913817627717,0.827805787798148,0.867847438673139,"dateset1"
"98",137.623529411765,0.849168441690838,0.82808944007605,0.868074582788435,"dateset1"
"99",138.623529411765,0.849422712753477,0.828372117636571,0.868301881825928,"dateset1"
"100",139.623529411765,0.849676631048492,0.82865382300513,0.868529333935708,"dateset1"
"101",140.623529411765,0.849930196809486,0.82893455875032,0.868756937227757,"dateset1"
"102",141.623529411765,0.850183410270803,0.829214327483554,0.868984689772285,"dateset1"
"103",142.623529411765,0.850436271667526,0.829493131858694,0.869212589600078,"dateset1"
"104",143.623529411765,0.850688781235471,0.829770974571667,0.869440634702863,"dateset1"
"105",144.623529411765,0.850940939211183,0.830047858360057,0.869668823033698,"dateset1"
"106",145.623529411765,0.851192745831939,0.830323786002692,0.869897152507369,"dateset1"
"107",146.623529411765,0.851444201335736,0.830598760319202,0.87012562100081,"dateset1"
"108",147.623529411765,0.851695305961293,0.830872784169568,0.87035422635353,"dateset1"
"109",148.623529411765,0.851946059948046,0.831145860453658,0.87058296636807,"dateset1"
"110",149.623529411765,0.852196463536145,0.83141799211074,0.870811838810458,"dateset1"
"111",150.623529411765,0.85244651696645,0.831689182118987,0.871040841410697,"dateset1"
"112",151.623529411765,0.852696220480528,0.831959433494961,0.871269971863251,"dateset1"
"113",152.623529411765,0.852945574320648,0.832228749293091,0.871499227827556,"dateset1"
"114",153.623529411765,0.853194578729781,0.832497132605126,0.871728606928545,"dateset1"
"115",154.623529411765,0.853443233951595,0.832764586559589,0.871958106757178,"dateset1"
"116",155.623529411765,0.853691540230448,0.833031114321199,0.872187724870996,"dateset1"
"117",156.623529411765,0.853939497811392,0.8332967190903,0.872417458794679,"dateset1"
"118",157.623529411765,0.854187106940162,0.833561404102264,0.872647306020621,"dateset1"
"119",158.623529411765,0.854434367863179,0.833825172626883,0.872877264009517,"dateset1"
"120",159.623529411765,0.854681280827541,0.834088027967761,0.873107330190964,"dateset1"
"121",160.623529411765,0.854927846081025,0.834349973461676,0.873337501964061,"dateset1"
"122",161.623529411765,0.855174063872078,0.834611012477952,0.873567776698038,"dateset1"
"123",162.623529411765,0.855419934449819,0.834871148417804,0.873798151732881,"dateset1"
"124",163.623529411765,0.855665458064033,0.835130384713679,0.874028624379974,"dateset1"
"125",164.623529411765,0.855910634965168,0.835388724828595,0.874259191922747,"dateset1"
"126",165.623529411765,0.856155465404329,0.835646172255458,0.874489851617333,"dateset1"
"127",166.623529411765,0.856399949633281,0.83590273051638,0.874720600693238,"dateset1"
"128",167.623529411765,0.85664408790444,0.836158403161985,0.874951436354014,"dateset1"
"129",168.623529411765,0.856887880470871,0.836413193770709,0.875182355777939,"dateset1"
"130",169.623529411765,0.857131327586287,0.836667105948094,0.87541335611871,"dateset1"
"131",170.623529411765,0.857374429505042,0.836920143326074,0.875644434506132,"dateset1"
"132",171.623529411765,0.85761718648213,0.837172309562252,0.87587558804683,"dateset1"
"133",172.623529411765,0.857859598773184,0.837423608339178,0.876106813824945,"dateset1"
"134",173.623529411765,0.858101666634466,0.837674043363618,0.876338108902855,"dateset1"
"135",174.623529411765,0.85834339032287,0.837923618365821,0.876569470321888,"dateset1"
"136",175.623529411765,0.858584770095915,0.838172337098775,0.876800895103041,"dateset1"
"137",176.623529411765,0.858825806211746,0.838420203337468,0.877032380247709,"dateset1"
"138",177.623529411765,0.859066498929125,0.838667220878144,0.87726392273841,"dateset1"
"139",178.623529411765,0.859306848507431,0.838913393537551,0.877495519539516,"dateset1"
"140",179.623529411765,0.859546855206657,0.839158725152192,0.877727167597987,"dateset1"
"141",180.623529411765,0.859786519287405,0.839403219577573,0.877958863844101,"dateset1"
"142",181.623529411765,0.860025841010886,0.839646880687453,0.878190605192195,"dateset1"
"143",182.623529411765,0.860264820638911,0.839889712373083,0.878422388541399,"dateset1"
"144",183.623529411765,0.860503458433894,0.840131718542458,0.878654210776371,"dateset1"
"145",184.623529411765,0.860741754658846,0.840372903119561,0.878886068768034,"dateset1"
"146",185.623529411765,0.860979709577369,0.840613270043609,0.879117959374315,"dateset1"
"147",186.623529411765,0.861217323453659,0.840852823268299,0.879349879440877,"dateset1"
"148",187.623529411765,0.861454596552497,0.84109156676106,0.879581825801852,"dateset1"
"149",188.623529411765,0.861691529139249,0.841329504502305,0.879813795280576,"dateset1"
"150",189.623529411765,0.861928121479861,0.841566640484679,0.880045784690314,"dateset1"
"151",190.623529411765,0.862164373840857,0.841802978712321,0.88027779083499,"dateset1"
"152",191.623529411765,0.862400286489337,0.842038523200119,0.880509810509907,"dateset1"
"153",192.623529411765,0.862635859692969,0.842273277972974,0.880741840502473,"dateset1"
"154",193.623529411765,0.862871093719991,0.842507247065069,0.880973877592908,"dateset1"
"155",194.623529411765,0.863105988839207,0.842740434519137,0.881205918554966,"dateset1"
"156",195.623529411765,0.86334054531998,0.842972844385737,0.881437960156635,"dateset1"
"157",196.623529411765,0.863574763432233,0.843204480722536,0.881669999160841,"dateset1"
"158",197.623529411765,0.863808643446443,0.843435347593594,0.881902032326147,"dateset1"
"159",198.623529411765,0.864042185633642,0.843665449068657,0.882134056407442,"dateset1"
"160",199.623529411765,0.864275390265407,0.843894789222453,0.882366068156628,"dateset1"
"161",200.623529411765,0.864508257613864,0.844123372133997,0.882598064323298,"dateset1"
"162",201.623529411765,0.864740787951679,0.844351201885902,0.882830041655409,"dateset1"
"163",202.623529411765,0.86497298155206,0.844578282563695,0.883061996899947,"dateset1"
"164",203.623529411765,0.86520483868875,0.844804618255144,0.883293926803588,"dateset1"
"165",204.623529411765,0.865436359636025,0.845030213049587,0.883525828113344,"dateset1"
"166",205.623529411765,0.865667544668692,0.845255071037276,0.883757697577211,"dateset1"
"167",206.623529411765,0.865898394062084,0.845479196308723,0.883989531944805,"dateset1"
"168",207.623529411765,0.866128908092058,0.845702592954054,0.884221327967984,"dateset1"
"169",208.623529411765,0.866359087034992,0.845925265062378,0.884453082401474,"dateset1"
"170",209.623529411765,0.866588931167781,0.846147216721155,0.884684792003472,"dateset1"
"171",210.623529411765,0.866818440767836,0.846368452015582,0.884916453536255,"dateset1"
"172",211.623529411765,0.867047616113078,0.846588975027983,0.885148063766766,"dateset1"
"173",212.623529411765,0.867276457481937,0.846808789837207,0.885379619467203,"dateset1"
"174",213.623529411765,0.867504965153347,0.847027900518042,0.885611117415589,"dateset1"
"175",214.623529411765,0.867733139406746,0.847246311140628,0.885842554396341,"dateset1"
"176",215.623529411765,0.867960980522071,0.847464025769891,0.886073927200819,"dateset1"
"177",216.623529411765,0.868188488779752,0.84768104846498,0.886305232627879,"dateset1"
"178",217.623529411765,0.868415664460716,0.847897383278713,0.886536467484401,"dateset1"
"179",218.623529411765,0.868642507846378,0.848113034257039,0.886767628585821,"dateset1"
"180",219.623529411765,0.868869019218639,0.848328005438505,0.886998712756641,"dateset1"
"181",220.623529411765,0.869095198859886,0.848542300853733,0.88722971683094,"dateset1"
"182",221.623529411765,0.869321047052984,0.848755924524912,0.887460637652862,"dateset1"
"183",222.623529411765,0.869546564081279,0.848968880465297,0.887691472077107,"dateset1"
"184",223.623529411765,0.869771750228588,0.849181172678717,0.887922216969402,"dateset1"
"185",224.623529411765,0.869996605779204,0.849392805159097,0.888152869206967,"dateset1"
"186",225.623529411765,0.870221131017885,0.849603781889989,0.888383425678965,"dateset1"
"187",226.623529411765,0.870445326229857,0.849814106844112,0.888613883286948,"dateset1"
"188",227.623529411765,0.870669191700808,0.850023783982907,0.888844238945288,"dateset1"
"189",228.623529411765,0.870892727716884,0.850232817256095,0.8890744895816,"dateset1"
"190",229.623529411765,0.87111593456469,0.850441210601256,0.88930463213715,"dateset1"
"191",230.623529411765,0.871338812531285,0.850648967943408,0.889534663567261,"dateset1"
"192",231.623529411765,0.871561361904176,0.850856093194605,0.889764580841697,"dateset1"
"193",232.623529411765,0.871783582971321,0.851062590253539,0.889994380945046,"dateset1"
"194",233.623529411765,0.87200547602112,0.85126846300516,0.890224060877092,"dateset1"
"195",234.623529411765,0.872227041342417,0.851473715320296,0.890453617653165,"dateset1"
"196",235.623529411765,0.872448279224494,0.851678351055297,0.890683048304496,"dateset1"
"197",236.623529411765,0.872669189957069,0.851882374051677,0.890912349878555,"dateset1"
"198",237.623529411765,0.872889773830294,0.852085788135772,0.891141519439372,"dateset1"
"199",238.623529411765,0.873110031134748,0.852288597118412,0.891370554067861,"dateset1"
"200",239.623529411765,0.873329962161441,0.852490804794592,0.891599450862124,"dateset1"
"201",240.623529411765,0.873549567201806,0.85269241494317,0.891828206937745,"dateset1"
"202",241.623529411765,0.873768846547695,0.852893431326556,0.892056819428081,"dateset1"
"203",242.623529411765,0.873987800491383,0.853093857690427,0.892285285484535,"dateset1"
"204",243.623529411765,0.874206429325555,0.853293697763444,0.892513602276827,"dateset1"
"205",244.623529411765,0.874424733343314,0.853492955256978,0.892741766993245,"dateset1"
"206",245.623529411765,0.87464271283817,0.853691633864853,0.892969776840895,"dateset1"
"207",246.623529411765,0.874860368104039,0.853889737263091,0.89319762904594,"dateset1"
"208",247.623529411765,0.875077699435242,0.854087269109668,0.893425320853824,"dateset1"
"209",248.623529411765,0.875294707126503,0.854284233044285,0.893652849529493,"dateset1"
"210",249.623529411765,0.875511391472941,0.854480632688142,0.893880212357604,"dateset1"
"211",250.623529411765,0.875727752770073,0.854676471643725,0.894107406642724,"dateset1"
"212",251.623529411765,0.875943791313807,0.854871753494599,0.894334429709521,"dateset1"
"213",252.623529411765,0.876159507400441,0.855066481805214,0.894561278902945,"dateset1"
"214",253.623529411765,0.87637490132666,0.855260660120717,0.894787951588402,"dateset1"
"215",254.623529411765,0.876589973389534,0.855454291966773,0.895014445151919,"dateset1"
"216",255.623529411765,0.876804723886512,0.855647380849396,0.895240757000297,"dateset1"
"217",256.623529411765,0.877019153115424,0.855839930254786,0.89546688456126,"dateset1"
"218",257.623529411765,0.877233261374474,0.856031943649181,0.895692825283593,"dateset1"
"219",258.623529411765,0.877447048962238,0.856223424478707,0.895918576637273,"dateset1"
"220",259.623529411765,0.877660516177665,0.856414376169241,0.896144136113592,"dateset1"
"221",260.623529411765,0.877873663320067,0.856604802126291,0.896369501225271,"dateset1"
"222",261.623529411765,0.878086490689124,0.856794705734864,0.896594669506565,"dateset1"
"223",262.623529411765,0.878298998584876,0.856984090359362,0.896819638513365,"dateset1"
"224",263.623529411765,0.878511187307723,0.85717295934347,0.897044405823288,"dateset1"
"225",264.623529411765,0.878723057158418,0.857361316010066,0.897268969035761,"dateset1"
"226",265.623529411765,0.878934608438071,0.85754916366112,0.897493325772101,"dateset1"
"227",266.623529411765,0.879145841448141,0.857736505577621,0.897717473675578,"dateset1"
"228",267.623529411765,0.879356756490435,0.857923345019493,0.897941410411486,"dateset1"
"229",268.623529411765,0.879567353867105,0.858109685225528,0.898165133667194,"dateset1"
"230",269.623529411765,0.879777633880644,0.858295529413325,0.898388641152196,"dateset1"
"231",270.623529411765,0.879987596833887,0.85848088077923,0.898611930598156,"dateset1"
"232",271.623529411765,0.880197243030005,0.858665742498289,0.898834999758942,"dateset1"
"233",272.623529411765,0.880406572772502,0.858850117724203,0.899057846410657,"dateset1"
"234",273.623529411765,0.880615586365215,0.859034009589292,0.899280468351667,"dateset1"
"235",274.623529411765,0.88082428411231,0.859217421204461,0.899502863402611,"dateset1"
"236",275.623529411765,0.881032666318277,0.859400355659177,0.899725029406421,"dateset1"
"237",276.623529411765,0.88124073328793,0.859582816021447,0.899946964228325,"dateset1"
"238",277.623529411765,0.881448485326407,0.859764805337809,0.90016866575585,"dateset1"
"239",278.623529411765,0.881655922739158,0.859946326633313,0.900390131898815,"dateset1"
"240",279.623529411765,0.881863045831955,0.86012738291153,0.900611360589326,"dateset1"
"241",280.623529411765,0.882069854910877,0.860307977154543,0.900832349781754,"dateset1"
"242",281.623529411765,0.882276350282316,0.860488112322961,0.901053097452725,"dateset1"
"243",282.623529411765,0.882482532252971,0.860667791355929,0.901273601601086,"dateset1"
"244",283.623529411765,0.882688401129846,0.860847017171139,0.901493860247883,"dateset1"
"245",284.623529411765,0.882893957220246,0.861025792664862,0.901713871436323,"dateset1"
"246",285.623529411765,0.883099200831776,0.861204120711964,0.901933633231738,"dateset1"
"247",286.623529411765,0.883304132272339,0.861382004165939,0.902153143721539,"dateset1"
"248",287.623529411765,0.88350875185013,0.861559445858946,0.902372401015172,"dateset1"
"249",288.623529411765,0.883713059873637,0.861736448601845,0.902591403244069,"dateset1"
"250",289.623529411765,0.883917056651637,0.86191301518424,0.902810148561587,"dateset1"
"251",290.623529411765,0.884120742493193,0.862089148374525,0.903028635142954,"dateset1"
"252",291.623529411765,0.884324117707653,0.862264850919934,0.903246861185205,"dateset1"
"253",292.623529411765,0.884527182604644,0.862440125546598,0.903464824907115,"dateset1"
"254",293.623529411765,0.884729937494075,0.862614974959597,0.90368252454913,"dateset1"
"255",294.623529411765,0.884932382686127,0.862789401843026,0.903899958373297,"dateset1"
"256",295.623529411765,0.885134518491257,0.862963408860055,0.90411712466318,"dateset1"
"257",296.623529411765,0.885336345220194,0.863136998653001,0.90433402172379,"dateset1"
"258",297.623529411765,0.885537863183932,0.863310173843393,0.904550647881495,"dateset1"
"259",298.623529411765,0.885739072693735,0.86348293703205,0.90476700148394,"dateset1"
"260",299.623529411765,0.885939974061126,0.863655290799154,0.904983080899953,"dateset1"
"261",300.623529411765,0.886140567597893,0.863827237704332,0.90519888451946,"dateset1"
"262",301.623529411765,0.88634085361608,0.863998780286735,0.905414410753388,"dateset1"
"263",302.623529411765,0.886540832427987,0.864169921065125,0.905629658033569,"dateset1"
"264",303.623529411765,0.886740504346166,0.86434066253796,0.905844624812642,"dateset1"
"265",304.623529411765,0.886939869683423,0.864511007183484,0.906059309563954,"dateset1"
"266",305.623529411765,0.887138928752811,0.864680957459816,0.906273710781452,"dateset1"
"267",306.623529411765,0.887337681867626,0.86485051580505,0.906487826979584,"dateset1"
"268",307.623529411765,0.88753612934141,0.865019684637344,0.906701656693186,"dateset1"
"269",308.623529411765,0.887734271487946,0.865188466355019,0.906915198477377,"dateset1"
"270",309.623529411765,0.887932108621255,0.865356863336663,0.907128450907446,"dateset1"
"271",310.623529411765,0.888129641055593,0.865524877941228,0.907341412578738,"dateset1"
"272",311.623529411765,0.888326869105449,0.865692512508136,0.907554082106542,"dateset1"
"273",312.623529411765,0.888523793085545,0.86585976935738,0.907766458125974,"dateset1"
"274",313.623529411765,0.888720413310831,0.866026650789636,0.907978539291857,"dateset1"
"275",314.623529411765,0.888916730096481,0.866193159086368,0.908190324278606,"dateset1"
"276",315.623529411765,0.889112743757895,0.866359296509938,0.908401811780102,"dateset1"
"277",316.623529411765,0.889308454610693,0.866525065303714,0.908613000509576,"dateset1"
"278",317.623529411765,0.889503862970714,0.866690467692188,0.908823889199481,"dateset1"
"279",318.623529411765,0.889698969154014,0.866855505881086,0.90903447660137,"dateset1"
"280",319.623529411765,0.889893773476863,0.867020182057479,0.909244761485772,"dateset1"
"281",320.623529411765,0.890088276255742,0.867184498389907,0.909454742642061,"dateset1"
"282",321.623529411765,0.890282477807341,0.867348457028487,0.909664418878333,"dateset1"
"283",322.623529411765,0.890476378448557,0.867512060105035,0.909873789021277,"dateset1"
"284",323.623529411765,0.890669978496492,0.867675309733185,0.910082851916044,"dateset1"
"285",324.623529411765,0.89086327826845,0.867838208008506,0.910291606426118,"dateset1"
"286",325.623529411765,0.891056278081934,0.868000757008622,0.910500051433186,"dateset1"
"287",326.623529411765,0.891248978254645,0.868162958793333,0.910708185837008,"dateset1"
"288",327.623529411765,0.89144137910448,0.86832481540474,0.91091600855528,"dateset1"
"289",328.623529411765,0.891633480949525,0.868486328867359,0.911123518523509,"dateset1"
"290",329.623529411765,0.891825284108061,0.868647501188252,0.911330714694875,"dateset1"
"291",330.623529411765,0.892016788898554,0.868808334357143,0.911537596040097,"dateset1"
"292",331.623529411765,0.892207995639656,0.868968830346547,0.911744161547305,"dateset1"
"293",332.623529411765,0.892398904650204,0.869128991111889,0.911950410221898,"dateset1"
"294",333.623529411765,0.892589516249214,0.869288818591632,0.912156341086419,"dateset1"
"295",334.623529411765,0.892779830755882,0.869448314707399,0.912361953180412,"dateset1"
"296",335.623529411765,0.892969848489579,0.869607481364096,0.912567245560291,"dateset1"
"297",336.623529411765,0.893159569769853,0.869766320450044,0.912772217299206,"dateset1"
"298",337.623529411765,0.893348994916421,0.869924833837094,0.912976867486906,"dateset1"
"299",338.623529411765,0.893538124249171,0.87008302338076,0.913181195229606,"dateset1"
"300",339.623529411765,0.893726958088157,0.87024089092034,0.913385199649848,"dateset1"
"301",340.623529411765,0.893915496753601,0.870398438279045,0.913588879886371,"dateset1"
"302",341.623529411765,0.894103740565884,0.870555667264118,0.913792235093972,"dateset1"
"303",342.623529411765,0.89429168984555,0.870712579666967,0.913995264443373,"dateset1"
"304",343.623529411765,0.894479344913301,0.870869177263284,0.914197967121085,"dateset1"
"305",344.623529411765,0.894666706089995,0.871025461813172,0.914400342329275,"dateset1"
"306",345.623529411765,0.894853773696643,0.871181435061271,0.914602389285629,"dateset1"
"307",346.623529411765,0.895040548054408,0.871337098736882,0.914804107223219,"dateset1"
"308",347.623529411765,0.895227029484604,0.871492454554092,0.915005495390369,"dateset1"
"309",348.623529411765,0.895413218308689,0.871647504211896,0.915206553050523,"dateset1"
"310",349.623529411765,0.895599114848269,0.871802249394324,0.915407279482106,"dateset1"
"311",350.623529411765,0.895784719425091,0.871956691770564,0.915607673978395,"dateset1"
"312",351.623529411765,0.895970032361043,0.872110832995085,0.91580773584739,"dateset1"
"313",352.623529411765,0.896155053978153,0.872264674707759,0.91600746441167,"dateset1"
"314",353.623529411765,0.896339784598582,0.872418218533988,0.916206859008272,"dateset1"
"315",354.623529411765,0.896524224544628,0.872571466084821,0.916405918988556,"dateset1"
"316",355.623529411765,0.896708374138719,0.872724418957079,0.916604643718071,"dateset1"
"317",356.623529411765,0.896892233703414,0.872877078733478,0.916803032576426,"dateset1"
"318",357.623529411765,0.8970758035614,0.873029446982747,0.917001084957163,"dateset1"
"319",358.623529411765,0.897259084035487,0.873181525259749,0.917198800267622,"dateset1"
"320",359.623529411765,0.89744207544861,0.873333315105606,0.917396177928814,"dateset1"
"321",360.623529411765,0.897624778123826,0.873484818047811,0.917593217375294,"dateset1"
"322",361.623529411765,0.89780719238431,0.873636035600355,0.917789918055031,"dateset1"
"323",362.623529411765,0.897989318553354,0.873786969263838,0.917986279429281,"dateset1"
"324",363.623529411765,0.898171156954364,0.873937620525595,0.91818230097246,"dateset1"
"325",364.623529411765,0.89835270791086,0.874087990859808,0.918377982172017,"dateset1"
"326",365.623529411765,0.898533971746474,0.874238081727623,0.918573322528311,"dateset1"
"327",366.623529411765,0.898714948784942,0.874387894577271,0.918768321554482,"dateset1"
"328",367.623529411765,0.898895639350111,0.87453743084418,0.91896297877633,"dateset1"
"329",368.623529411765,0.89907604376593,0.874686691951089,0.91915729373219,"dateset1"
"330",369.623529411765,0.899256162356451,0.874835679308167,0.919351265972808,"dateset1"
"331",370.623529411765,0.899435995445826,0.874984394313123,0.919544895061221,"dateset1"
"332",371.623529411765,0.899615543358305,0.875132838351323,0.919738180572632,"dateset1"
"333",372.623529411765,0.899794806418236,0.875281012795896,0.919931122094293,"dateset1"
"334",373.623529411765,0.899973784950058,0.875428919007854,0.920123719225383,"dateset1"
"335",374.623529411765,0.900152479278304,0.875576558336198,0.920315971576886,"dateset1"
"336",375.623529411765,0.900330889727597,0.87572393211803,0.920507878771476,"dateset1"
"337",376.623529411765,0.900509016622647,0.875871041678662,0.920699440443399,"dateset1"
"338",377.623529411765,0.90068686028825,0.876017888331728,0.920890656238351,"dateset1"
"339",378.623529411765,0.900864421049289,0.876164473379287,0.921081525813368,"dateset1"
"340",379.623529411765,0.901041699230724,0.876310798111937,0.921272048836706,"dateset1"
"341",380.623529411765,0.901218695157598,0.876456863808918,0.921462224987724,"dateset1"
"342",381.623529411765,0.901395409155031,0.876602671738219,0.921652053956779,"dateset1"
"343",382.623529411765,0.901571841548221,0.876748223156684,0.921841535445101,"dateset1"
"344",383.623529411765,0.901747992662437,0.876893519310116,0.922030669164689,"dateset1"
"345",384.623529411765,0.901923862823022,0.877038561433381,0.922219454838194,"dateset1"
"346",385.623529411765,0.902099452355387,0.877183350750515,0.922407892198811,"dateset1"
"347",386.623529411765,0.902274761585015,0.877327888474819,0.922595980990169,"dateset1"
"348",387.623529411765,0.902449790837451,0.877472175808969,0.922783720966217,"dateset1"
"349",388.623529411765,0.902624540438306,0.877616213945108,0.922971111891122,"dateset1"
"350",389.623529411765,0.902799010713254,0.877760004064958,0.923158153539155,"dateset1"
"351",390.623529411765,0.902973201988028,0.877903547339907,0.923344845694589,"dateset1"
"352",391.623529411765,0.903147114588419,0.878046844931118,0.923531188151588,"dateset1"
"353",392.623529411765,0.903320748840277,0.878189897989618,0.923717180714107,"dateset1"
"354",393.623529411765,0.903494105069504,0.878332707656404,0.923902823195783,"dateset1"
"355",394.623529411765,0.903667183602055,0.878475275062533,0.924088115419832,"dateset1"
"356",395.623529411765,0.903839984763937,0.878617601329219,0.924273057218947,"dateset1"
"357",396.623529411765,0.904012508881206,0.878759687567931,0.924457648435197,"dateset1"
"358",397.623529411765,0.904184756279963,0.878901534880482,0.924641888919923,"dateset1"
"359",398.623529411765,0.904356727286355,0.879043144359127,0.924825778533638,"dateset1"
"360",399.623529411765,0.904528422226574,0.879184517086654,0.925009317145929,"dateset1"
"361",400.623529411765,0.90469984142685,0.879325654136474,0.925192504635358,"dateset1"
"362",401.623529411765,0.904870985213456,0.879466556572714,0.92537534088936,"dateset1"
"363",402.623529411765,0.9050418539127,0.879607225450308,0.92555782580415,"dateset1"
"364",403.623529411765,0.905212447850926,0.879747661815082,0.925739959284626,"dateset1"
"365",404.623529411765,0.905382767354514,0.879887866703849,0.925921741244273,"dateset1"
"366",405.623529411765,0.905552812749874,0.880027841144494,0.926103171605064,"dateset1"
"367",406.623529411765,0.905722584363447,0.88016758615606,0.926284250297372,"dateset1"
"368",407.623529411765,0.905892082521704,0.880307102748836,0.926464977259876,"dateset1"
"369",408.623529411765,0.906061307551138,0.880446391924442,0.926645352439462,"dateset1"
"370",409.623529411765,0.906230259778272,0.880585454675915,0.926825375791141,"dateset1"
"371",410.623529411765,0.90639893952965,0.880724291987792,0.927005047277949,"dateset1"
"372",411.623529411765,0.906567347131836,0.880862904836193,0.927184366870864,"dateset1"
"373",412.623529411765,0.906735482911415,0.881001294188908,0.927363334548712,"dateset1"
"374",413.623529411765,0.90690334719499,0.881139461005471,0.927541950298082,"dateset1"
"375",414.623529411765,0.907070940309178,0.881277406237249,0.927720214113234,"dateset1"
"376",415.623529411765,0.907238262580611,0.881415130827519,0.927898125996018,"dateset1"
"377",416.623529411765,0.907405314335934,0.881552635711546,0.928075685955781,"dateset1"
"378",417.623529411765,0.907572095901802,0.881689921816665,0.928252894009286,"dateset1"
"379",418.623529411765,0.907738607604878,0.88182699006236,0.928429750180627,"dateset1"
"380",419.623529411765,0.907904849771834,0.881963841360338,0.928606254501145,"dateset1"
"381",420.623529411765,0.908070822729345,0.882100476614607,0.928782407009343,"dateset1"
"382",421.623529411765,0.908236526804091,0.882236896721556,0.928958207750804,"dateset1"
"383",422.623529411765,0.908401962322754,0.882373102570023,0.929133656778114,"dateset1"
"384",423.623529411765,0.908567129612015,0.882509095041377,0.929308754150773,"dateset1"
"385",424.623529411765,0.908732028998554,0.882644875009587,0.929483499935123,"dateset1"
"386",425.623529411765,0.908896660809049,0.8827804433413,0.929657894204263,"dateset1"
"387",426.623529411765,0.909061025370171,0.882915800895908,0.929831937037974,"dateset1"
"388",427.623529411765,0.909225123008584,0.883050948525623,0.930005628522637,"dateset1"
"389",428.623529411765,0.909388954050947,0.88318588707555,0.93017896875116,"dateset1"
"390",429.623529411765,0.909552518823904,0.883320617383752,0.9303519578229,"dateset1"
"391",430.623529411765,0.909715817654091,0.883455140281327,0.930524595843587,"dateset1"
"392",431.623529411765,0.90987885086813,0.883589456592471,0.930696882925248,"dateset1"
"393",432.623529411765,0.910041618792627,0.88372356713455,0.930868819186134,"dateset1"
"394",433.623529411765,0.910204121754171,0.883857472718166,0.931040404750648,"dateset1"
"395",434.623529411765,0.910366360079333,0.883991174147227,0.931211639749268,"dateset1"
"396",435.623529411765,0.910528334094665,0.88412467221901,0.931382524318477,"dateset1"
"397",436.623529411765,0.910690044126695,0.884257967724228,0.931553058600694,"dateset1"
"398",437.623529411765,0.910851490501931,0.884391061447098,0.931723242744198,"dateset1"
"399",438.623529411765,0.911012673546852,0.884523954165399,0.931893076903062,"dateset1"
"400",439.623529411765,0.911173593587913,0.884656646650545,0.932062561237081,"dateset1"
"401",440.623529411765,0.911334250951541,0.88478913966764,0.932231695911705,"dateset1"
"402",441.623529411765,0.911494645964132,0.884921433975547,0.932400481097971,"dateset1"
"403",442.623529411765,0.91165477895205,0.885053530326945,0.932568916972431,"dateset1"
"404",443.623529411765,0.911814650241629,0.885185429468394,0.932737003717093,"dateset1"
"405",444.623529411765,0.911974260159165,0.885317132140394,0.932904741519348,"dateset1"
"406",445.623529411765,0.91213360903092,0.885448639077446,0.933072130571907,"dateset1"
"407",446.623529411765,0.912292697183116,0.885579951008112,0.933239171072738,"dateset1"
"408",447.623529411765,0.912451524941938,0.885711068655072,0.933405863224999,"dateset1"
"409",448.623529411765,0.912610092633529,0.885841992735185,0.933572207236974,"dateset1"
"410",449.623529411765,0.91276840058399,0.885972723959546,0.933738203322012,"dateset1"
"411",450.623529411765,0.912926449119377,0.886103263033542,0.933903851698466,"dateset1"
"412",451.623529411765,0.913084238565701,0.886233610656911,0.934069152589625,"dateset1"
"413",452.623529411765,0.913241769248926,0.886363767523794,0.934234106223661,"dateset1"
"414",453.623529411765,0.913399041494967,0.886493734322798,0.934398712833561,"dateset1"
"415",454.623529411765,0.913556055629689,0.886623511737041,0.934562972657074,"dateset1"
"416",455.623529411765,0.913712811978906,0.886753100444216,0.934726885936645,"dateset1"
"417",456.623529411765,0.913869310868377,0.886882501116638,0.934890452919361,"dateset1"
"418",457.623529411765,0.914025552623808,0.887011714421301,0.935053673856891,"dateset1"
"419",458.623529411765,0.914181537570847,0.887140741019929,0.935216549005429,"dateset1"
"420",459.623529411765,0.914337266035086,0.887269581569029,0.935379078625635,"dateset1"
"421",460.623529411765,0.914492738342056,0.887398236719944,0.93554126298258,"dateset1"
"422",461.623529411765,0.914647954817229,0.887526707118899,0.935703102345695,"dateset1"
"423",462.623529411765,0.914802915786014,0.88765499340706,0.935864596988704,"dateset1"
"424",463.623529411765,0.914957621573755,0.887783096220575,0.936025747189581,"dateset1"
"425",464.623529411765,0.915112072505733,0.887911016190633,0.93618655323049,"dateset1"
"426",465.623529411765,0.915266268907161,0.888038753943503,0.936347015397731,"dateset1"
"427",466.623529411765,0.915420211103184,0.888166310100591,0.936507133981689,"dateset1"
"428",467.623529411765,0.915573899418878,0.888293685278484,0.936666909276781,"dateset1"
"429",468.623529411765,0.915727334179247,0.888420880088998,0.936826341581403,"dateset1"
"430",469.623529411765,0.915880515709224,0.888547895139225,0.936985431197879,"dateset1"
"431",470.623529411765,0.916033444333667,0.888674731031582,0.93714417843241,"dateset1"
"432",471.623529411765,0.916186120377358,0.888801388363853,0.937302583595024,"dateset1"
"433",472.623529411765,0.916338544165003,0.888927867729238,0.937460646999525,"dateset1"
"434",473.623529411765,0.916490716021232,0.889054169716397,0.937618368963445,"dateset1"
"435",474.623529411765,0.916642636270591,0.889180294909494,0.937775749807991,"dateset1"
"436",475.623529411765,0.916794305237548,0.889306243888243,0.937932789858005,"dateset1"
"437",476.623529411765,0.916945723246489,0.889432017227948,0.938089489441905,"dateset1"
"438",477.623529411765,0.917096890621714,0.889557615499554,0.938245848891647,"dateset1"
"439",478.623529411765,0.917247807687439,0.889683039269679,0.938401868542673,"dateset1"
"440",479.623529411765,0.917398474767793,0.889808289100667,0.938557548733865,"dateset1"
"441",480.623529411765,0.917548892186819,0.889933365550622,0.938712889807501,"dateset1"
"442",481.623529411765,0.917699060268467,0.890058269173454,0.938867892109206,"dateset1"
"443",482.623529411765,0.9178489793366,0.890183000518921,0.939022555987912,"dateset1"
"444",483.623529411765,0.917998649714987,0.890307560132663,0.939176881795806,"dateset1"
"445",484.623529411765,0.918148071727304,0.890431948556251,0.939330869888294,"dateset1"
"446",485.623529411765,0.918297245697131,0.890556166327221,0.939484520623952,"dateset1"
"447",486.623529411765,0.918446171947955,0.890680213979114,0.939637834364483,"dateset1"
"448",487.623529411765,0.918594850803162,0.890804092041518,0.939790811474677,"dateset1"
"449",488.623529411765,0.918743282586041,0.890927801040103,0.939943452322366,"dateset1"
"450",489.623529411765,0.918891467619782,0.891051341496662,0.940095757278382,"dateset1"
"451",490.623529411765,0.919039406227471,0.891174713929147,0.940247726716518,"dateset1"
"452",491.623529411765,0.919187098732093,0.891297918851707,0.940399361013484,"dateset1"
"453",492.623529411765,0.919334545456529,0.891420956774724,0.940550660548868,"dateset1"
"454",493.623529411765,0.919481746723553,0.891543828204854,0.940701625705096,"dateset1"
"455",494.623529411765,0.919628702855835,0.891666533645056,0.94085225686739,"dateset1"
"456",495.623529411765,0.919775414175935,0.891789073594634,0.941002554423731,"dateset1"
"457",496.623529411765,0.919921881006304,0.891911448549268,0.941152518764818,"dateset1"
"458",497.623529411765,0.920068103669282,0.892033659001054,0.941302150284033,"dateset1"
"459",498.623529411765,0.9202140824871,0.892155705438533,0.941451449377397,"dateset1"
"460",499.623529411765,0.920359817781873,0.892277588346732,0.941600416443537,"dateset1"
"461",500.623529411765,0.920505309875603,0.892399308207189,0.941749051883646,"dateset1"
"462",501.623529411765,0.920650559090175,0.892520865497999,0.941897356101448,"dateset1"
"463",502.623529411765,0.920795565747359,0.892642260693833,0.94204532950316,"dateset1"
"464",503.623529411765,0.920940330168806,0.892763494265983,0.942192972497453,"dateset1"
"465",504.623529411765,0.921084852676048,0.892884566682389,0.942340285495424,"dateset1"
"466",505.623529411765,0.921229133590496,0.893005478407671,0.942487268910551,"dateset1"
"467",506.623529411765,0.92137317323344,0.893126229903163,0.942633923158664,"dateset1"
"468",507.623529411765,0.921516971926045,0.893246821626941,0.94278024865791,"dateset1"
"469",508.623529411765,0.921660529989354,0.893367254033862,0.942926245828714,"dateset1"
"470",509.623529411765,0.921803847744284,0.893487527575584,0.943071915093751,"dateset1"
"471",510.623529411765,0.921946925511624,0.893607642700606,0.943217256877905,"dateset1"
"472",511.623529411765,0.922089763612037,0.893727599854293,0.943362271608245,"dateset1"
"473",512.623529411765,0.922232362366056,0.893847399478909,0.943506959713983,"dateset1"
"474",513.623529411765,0.922374722094083,0.893967042013644,0.943651321626446,"dateset1"
"475",514.623529411765,0.922516843116389,0.894086527894645,0.943795357779044,"dateset1"
"476",515.623529411765,0.922658725753114,0.894205857555044,0.943939068607235,"dateset1"
"477",516.623529411765,0.922800370324261,0.894325031424988,0.944082454548496,"dateset1"
"478",517.623529411765,0.922941777149702,0.894444049931666,0.94422551604229,"dateset1"
"479",518.623529411765,0.923082946549169,0.89456291349934,0.944368253530037,"dateset1"
"480",519.623529411765,0.923223878842259,0.894681622549367,0.94451066745508,"dateset1"
"481",520.623529411765,0.923364574348429,0.894800177500232,0.944652758262659,"dateset1"
"482",521.623529411765,0.923505033386998,0.894918578767576,0.944794526399875,"dateset1"
"483",522.623529411765,0.923645256277144,0.895036826764215,0.944935972315668,"dateset1"
"484",523.623529411765,0.9237852433379,0.895154921900178,0.94507709646078,"dateset1"
"485",524.623529411765,0.923924994888161,0.895272864582722,0.945217899287731,"dateset1"
"486",525.623529411765,0.924064511246675,0.895390655216368,0.945358381250788,"dateset1"
"487",526.623529411765,0.924203792732043,0.895508294202919,0.945498542805935,"dateset1"
"488",527.623529411765,0.924342839662723,0.895625781941493,0.945638384410849,"dateset1"
"489",528.623529411765,0.924481652357024,0.895743118828539,0.94577790652487,"dateset1"
"490",529.623529411765,0.924620231133106,0.895860305257873,0.945917109608969,"dateset1"
"491",530.623529411765,0.924758576308979,0.895977341620694,0.94605599412573,"dateset1"
"492",531.623529411765,0.924896688202504,0.896094228305611,0.946194560539314,"dateset1"
"493",532.623529411765,0.925034567131388,0.89621096569867,0.946332809315437,"dateset1"
"494",533.623529411765,0.925172213413185,0.896327554183376,0.94647074092134,"dateset1"
"495",534.623529411765,0.925309627365297,0.896443994140716,0.94660835582577,"dateset1"
"496",535.623529411765,0.925446809304968,0.896560285949182,0.946745654498944,"dateset1"
"497",536.623529411765,0.925583759549289,0.896676429984798,0.946882637412531,"dateset1"
"498",537.623529411765,0.92572047841519,0.896792426621139,0.947019305039623,"dateset1"
"499",538.623529411765,0.925856966219445,0.896908276229356,0.947155657854712,"dateset1"
"500",539.623529411765,0.925993223278669,0.897023979178198,0.947291696333662,"dateset1"
"501",540.623529411765,0.926129249909314,0.897139535834034,0.947427420953689,"dateset1"
"502",541.623529411765,0.926265046427672,0.897254946560875,0.947562832193331,"dateset1"
"503",542.623529411765,0.926400613149874,0.897370211720397,0.947697930532428,"dateset1"
"504",543.623529411765,0.926535950391884,0.897485331671961,0.947832716452098,"dateset1"
"505",544.623529411765,0.926671058469503,0.897600306772635,0.947967190434711,"dateset1"
"506",545.623529411765,0.926805937698367,0.897715137377218,0.948101352963867,"dateset1"
"507",546.623529411765,0.926940588393945,0.897829823838255,0.948235204524373,"dateset1"
"508",547.623529411765,0.927075010871538,0.897944366506063,0.948368745602221,"dateset1"
"509",548.623529411765,0.927209205446277,0.898058765728749,0.948501976684562,"dateset1"
"510",549.623529411765,0.927343172433125,0.898173021852232,0.948634898259688,"dateset1"
"511",550.623529411765,0.927476912146875,0.89828713522026,0.948767510817007,"dateset1"
"512",551.623529411765,0.927610424902145,0.898401106174435,0.948899814847022,"dateset1"
"513",552.623529411765,0.927743711013383,0.898514935054226,0.949031810841309,"dateset1"
"514",553.623529411765,0.927876770794863,0.898628622196996,0.949163499292495,"dateset1"
"515",554.623529411765,0.928009604560683,0.898742167938015,0.949294880694238,"dateset1"
"516",555.623529411765,0.928142212624767,0.898855572610481,0.949425955541205,"dateset1"
"517",556.623529411765,0.928274595300861,0.898968836545543,0.949556724329052,"dateset1"
"518",557.623529411765,0.928406752902534,0.899081960072312,0.949687187554404,"dateset1"
"519",558.623529411765,0.928538685743177,0.899194943517886,0.94981734571483,"dateset1"
"520",559.623529411765,0.928670394136,0.899307787207365,0.949947199308829,"dateset1"
"521",560.623529411765,0.928801878394033,0.899420491463872,0.950076748835809,"dateset1"
"522",561.623529411765,0.928933138830126,0.899533056608566,0.950205994796062,"dateset1"
"523",562.623529411765,0.929064175756945,0.899645482960666,0.95033493769075,"dateset1"
"524",563.623529411765,0.929194989486974,0.899757770837462,0.950463578021885,"dateset1"
"525",564.623529411765,0.929325580332511,0.899869920554339,0.950591916292307,"dateset1"
"526",565.623529411765,0.92945594860567,0.899981932424789,0.950719953005667,"dateset1"
"527",566.623529411765,0.929586094618379,0.900093806760431,0.950847688666409,"dateset1"
"528",567.623529411765,0.929716018682379,0.900205543871025,0.95097512377975,"dateset1"
"529",568.623529411765,0.929845721109222,0.900317144064494,0.951102258851662,"dateset1"
"530",569.623529411765,0.929975202210273,0.900428607646934,0.951229094388855,"dateset1"
"531",570.623529411765,0.930104462296706,0.900539934922636,0.951355630898757,"dateset1"
"532",571.623529411765,0.930233501679505,0.900651126194096,0.951481868889498,"dateset1"
"533",572.623529411765,0.930362320669461,0.900762181762039,0.951607808869892,"dateset1"
"534",573.623529411765,0.930490919577175,0.900873101925427,0.95173345134942,"dateset1"
"535",574.623529411765,0.930619298713053,0.900983886981481,0.95185879683821,"dateset1"
"536",575.623529411765,0.930747458387306,0.901094537225692,0.951983845847025,"dateset1"
"537",576.623529411765,0.930875398909954,0.901205052951838,0.952108598887242,"dateset1"
"538",577.623529411765,0.931003120590816,0.901315434452001,0.952233056470836,"dateset1"
"539",578.623529411765,0.931130623739517,0.901425682016578,0.952357219110366,"dateset1"
"540",579.623529411765,0.931257908665485,0.901535795934301,0.952481087318956,"dateset1"
"541",580.623529411765,0.931384975677946,0.901645776492248,0.95260466161028,"dateset1"
"542",581.623529411765,0.931511825085932,0.901755623975857,0.952727942498546,"dateset1"
"543",582.623529411765,0.93163845719827,0.901865338668944,0.952850930498478,"dateset1"
"544",583.623529411765,0.931764872323588,0.901974920853717,0.952973626125306,"dateset1"
"545",584.623529411765,0.931891070770312,0.902084370810785,0.953096029894745,"dateset1"
"546",585.623529411765,0.932017052846665,0.902193688819178,0.953218142322981,"dateset1"
"547",586.623529411765,0.932142818860667,0.902302875156359,0.953339963926657,"dateset1"
"548",587.623529411765,0.932268369120133,0.902411930098235,0.953461495222859,"dateset1"
"549",588.623529411765,0.932393703932674,0.902520853919176,0.953582736729098,"dateset1"
"550",589.623529411765,0.932518823605693,0.902629646892023,0.953703688963297,"dateset1"
"551",590.623529411765,0.932643728446387,0.902738309288104,0.953824352443777,"dateset1"
"552",591.623529411765,0.932768418761748,0.902846841377249,0.953944727689244,"dateset1"
"553",592.623529411765,0.932892894858554,0.902955243427799,0.954064815218769,"dateset1"
"554",593.623529411765,0.93301715704338,0.903063515706622,0.954184615551781,"dateset1"
"555",594.623529411765,0.933141205622586,0.903171658479123,0.95430412920805,"dateset1"
"556",595.623529411765,0.933265040902324,0.903279672009262,0.954423356707671,"dateset1"
"557",596.623529411765,0.933388663188534,0.903387556559558,0.954542298571056,"dateset1"
"558",597.623529411765,0.933512072786942,0.903495312391112,0.954660955318913,"dateset1"
"559",598.623529411765,0.933635270003064,0.90360293976361,0.954779327472242,"dateset1"
"560",599.623529411765,0.9337582551422,0.903710438935339,0.954897415552312,"dateset1"
"561",600.623529411765,0.933881028509434,0.903817810163201,0.955015220080656,"dateset1"
"562",601.623529411765,0.934003590409638,0.903925053702722,0.955132741579052,"dateset1"
"563",602.623529411765,0.934125941147465,0.904032169808065,0.955249980569517,"dateset1"
"564",603.623529411765,0.934248081027353,0.904139158732039,0.955366937574286,"dateset1"
"565",604.623529411765,0.93437001035352,0.904246020726118,0.955483613115806,"dateset1"
"566",605.623529411765,0.934491729429968,0.904352756040442,0.955600007716723,"dateset1"
"567",606.623529411765,0.934613238560479,0.904459364923838,0.955716121899865,"dateset1"
"568",607.623529411765,0.934734538048614,0.904565847623826,0.955831956188237,"dateset1"
"569",608.623529411765,0.934855628197716,0.904672204386629,0.955947511105003,"dateset1"
"570",609.623529411765,0.934976509310902,0.90477843545719,0.956062787173476,"dateset1"
"571",610.623529411765,0.935097181691073,0.904884541079176,0.956177784917109,"dateset1"
"572",611.623529411765,0.935217645640902,0.904990521494994,0.95629250485948,"dateset1"
"573",612.623529411765,0.935337901462841,0.905096376945799,0.956406947524281,"dateset1"
"574",613.623529411765,0.935457949459118,0.905202107671505,0.956521113435309,"dateset1"
"575",614.623529411765,0.935577789931734,0.905307713910796,0.956635003116452,"dateset1"
"576",615.623529411765,0.935697423182467,0.905413195901136,0.956748617091681,"dateset1"
"577",616.623529411765,0.935816849512867,0.90551855387878,0.956861955885034,"dateset1"
"578",617.623529411765,0.935936069224258,0.905623788078783,0.956975020020611,"dateset1"
"579",618.623529411765,0.936055082617735,0.90572889873501,0.95708781002256,"dateset1"
"580",619.623529411765,0.936173889994166,0.90583388608015,0.957200326415067,"dateset1"
"581",620.623529411765,0.936292491654188,0.905938750345717,0.957312569722344,"dateset1"
"582",621.623529411765,0.936410887898212,0.906043491762072,0.957424540468623,"dateset1"
"583",622.623529411765,0.936529079026413,0.906148110558419,0.957536239178141,"dateset1"
"584",623.623529411765,0.93664706533874,0.906252606962828,0.95764766637513,"dateset1"
"585",624.623529411765,0.936764847134909,0.906356981202235,0.957758822583813,"dateset1"
"586",625.623529411765,0.936882424714401,0.906461233502453,0.957869708328387,"dateset1"
"587",626.623529411765,0.936999798376467,0.906565364088187,0.957980324133014,"dateset1"
"588",627.623529411765,0.937116968420122,0.906669373183035,0.958090670521818,"dateset1"
"589",628.623529411765,0.93723393514415,0.906773261009505,0.958200748018865,"dateset1"
"590",629.623529411765,0.937350698847096,0.906877027789018,0.958310557148164,"dateset1"
"591",630.623529411765,0.937467259827272,0.906980673741919,0.958420098433649,"dateset1"
"592",631.623529411765,0.937583618382752,0.907084199087488,0.958529372399175,"dateset1"
"593",632.623529411765,0.937699774811375,0.907187604043944,0.958638379568508,"dateset1"
"594",633.623529411765,0.937815729410742,0.907290888828461,0.958747120465312,"dateset1"
"595",634.623529411765,0.937931482478214,0.907394053657167,0.958855595613145,"dateset1"
"596",635.623529411765,0.938047034310915,0.907497098745163,0.958963805535447,"dateset1"
"597",636.623529411765,0.938162385205729,0.907600024306522,0.959071750755535,"dateset1"
"598",637.623529411765,0.938277535459301,0.907702830554303,0.959179431796589,"dateset1"
"599",638.623529411765,0.938392485368034,0.90780551770056,0.959286849181645,"dateset1"
"600",639.623529411765,0.938507235228092,0.907908085956345,0.959394003433591,"dateset1"
"601",640.623529411765,0.938621785335393,0.908010535531721,0.959500895075151,"dateset1"
"602",641.623529411765,0.938736135985617,0.908112866635769,0.959607524628884,"dateset1"
"603",642.623529411765,0.938850287474199,0.908215079476592,0.95971389261717,"dateset1"
"604",643.623529411765,0.93896424009633,0.908317174261329,0.959819999562206,"dateset1"
"605",644.623529411765,0.939077994146959,0.908419151196161,0.959925845985996,"dateset1"
"606",645.623529411765,0.939191549920788,0.908521010486314,0.960031432410341,"dateset1"
"607",646.623529411765,0.939304907712275,0.908622752336074,0.960136759356837,"dateset1"
"608",647.623529411765,0.939418067815631,0.908724376948788,0.960241827346861,"dateset1"
"609",648.623529411765,0.939531030524822,0.908825884526878,0.960346636901567,"dateset1"
"610",649.623529411765,0.939643796133565,0.908927275271842,0.960451188541877,"dateset1"
"611",650.623529411765,0.939756364935332,0.909028549384265,0.960555482788473,"dateset1"
"612",651.623529411765,0.939868737223346,0.909129707063828,0.960659520161792,"dateset1"
"613",652.623529411765,0.939980913290579,0.90923074850931,0.960763301182016,"dateset1"
"614",653.623529411765,0.940092893429757,0.909331673918599,0.960866826369064,"dateset1"
"615",654.623529411765,0.940204677933355,0.9094324834887,0.96097009624259,"dateset1"
"616",655.623529411765,0.940316267093597,0.909533177415738,0.96107311132197,"dateset1"
"617",656.623529411765,0.940427661202457,0.909633755894968,0.961175872126297,"dateset1"
"618",657.623529411765,0.940538860551658,0.909734219120782,0.961278379174375,"dateset1"
"619",658.623529411765,0.94064986543267,0.909834567286714,0.961380632984713,"dateset1"
"620",659.623529411765,0.940760676136711,0.909934800585448,0.961482634075514,"dateset1"
"621",660.623529411765,0.940871292954747,0.910034919208826,0.961584382964673,"dateset1"
"622",661.623529411765,0.940981716177488,0.91013492334785,0.961685880169767,"dateset1"
"623",662.623529411765,0.941091946095394,0.910234813192694,0.961787126208051,"dateset1"
"624",663.623529411765,0.941201982998667,0.910334588932709,0.961888121596448,"dateset1"
"625",664.623529411765,0.941311827177255,0.910434250756427,0.961988866851549,"dateset1"
"626",665.623529411765,0.941421478920851,0.91053379885157,0.962089362489598,"dateset1"
"627",666.623529411765,0.941530938518892,0.910633233405055,0.962189609026492,"dateset1"
"628",667.623529411765,0.941640206260558,0.910732554603002,0.962289606977775,"dateset1"
"629",668.623529411765,0.941749282434773,0.910831762630737,0.962389356858626,"dateset1"
"630",669.623529411765,0.941858167330202,0.910930857672801,0.96248885918386,"dateset1"
"631",670.623529411765,0.941966861235253,0.911029839912957,0.962588114467917,"dateset1"
"632",671.623529411765,0.942075364438076,0.911128709534192,0.96268712322486,"dateset1"
"633",672.623529411765,0.942183677226561,0.911227466718727,0.962785885968365,"dateset1"
"634",673.623529411765,0.942291799888339,0.91132611164802,0.962884403211718,"dateset1"
"635",674.623529411765,0.942399732710782,0.911424644502774,0.96298267546781,"dateset1"
"636",675.623529411765,0.942507475981,0.911523065462942,0.963080703249126,"dateset1"
"637",676.623529411765,0.942615029985843,0.911621374707732,0.963178487067748,"dateset1"
"638",677.623529411765,0.942722395011901,0.911719572415614,0.963276027435343,"dateset1"
"639",678.623529411765,0.942829571345501,0.911817658764325,0.963373324863159,"dateset1"
"640",679.623529411765,0.942936559272708,0.911915633930875,0.96347037986202,"dateset1"
"641",680.623529411765,0.943043359079323,0.912013498091554,0.963567192942321,"dateset1"
"642",681.623529411765,0.943149971050887,0.912111251421932,0.963663764614023,"dateset1"
"643",682.623529411765,0.943256395472675,0.912208894096872,0.963760095386647,"dateset1"
"644",683.623529411765,0.943362632629699,0.912306426290529,0.963856185769268,"dateset1"
"645",684.623529411765,0.943468682806708,0.91240384817636,0.963952036270513,"dateset1"
"646",685.623529411765,0.943574546288182,0.912501159927128,0.964047647398553,"dateset1"
"647",686.623529411765,0.943680223358341,0.912598361714903,0.964143019661099,"dateset1"
"648",687.623529411765,0.943785714301136,0.912695453711076,0.964238153565397,"dateset1"
"649",688.623529411765,0.943891019400252,0.912792436086355,0.964333049618224,"dateset1"
"650",689.623529411765,0.943996138939109,0.912889309010776,0.964427708325882,"dateset1"
"651",690.623529411765,0.94410107320086,0.912986072653705,0.964522130194196,"dateset1"
"652",691.623529411765,0.944205822468388,0.913082727183847,0.964616315728503,"dateset1"
"653",692.623529411765,0.944310387024313,0.913179272769246,0.964710265433656,"dateset1"
"654",693.623529411765,0.944414767150982,0.913275709577292,0.964803979814013,"dateset1"
"655",694.623529411765,0.944518963130477,0.913372037774727,0.964897459373435,"dateset1"
"656",695.623529411765,0.944622975244609,0.913468257527649,0.96499070461528,"dateset1"
"657",696.623529411765,0.94472680377492,0.913564369001516,0.965083716042402,"dateset1"
"658",697.623529411765,0.944830449002684,0.913660372361153,0.965176494157142,"dateset1"
"659",698.623529411765,0.944933911208902,0.913756267770754,0.96526903946133,"dateset1"
"660",699.623529411765,0.945037190674307,0.913852055393888,0.965361352456273,"dateset1"
"661",700.623529411765,0.945140287679359,0.913947735393503,0.965453433642756,"dateset1"
"662",701.623529411765,0.945243202504249,0.914043307931933,0.965545283521039,"dateset1"
"663",702.623529411765,0.945345935428895,0.9141387731709,0.965636902590847,"dateset1"
"664",703.623529411765,0.945448486732944,0.914234131271516,0.965728291351372,"dateset1"
"665",704.623529411765,0.945550856695768,0.914329382394296,0.965819450301266,"dateset1"
"666",705.623529411765,0.945653045596469,0.914424526699153,0.965910379938639,"dateset1"
"667",706.623529411765,0.945755053713875,0.914519564345407,0.966001080761052,"dateset1"
"668",707.623529411765,0.945856881326541,0.914614495491792,0.966091553265516,"dateset1"
"669",708.623529411765,0.945958528712747,0.914709320296453,0.966181797948488,"dateset1"
"670",709.623529411765,0.946059996150501,0.914804038916957,0.966271815305865,"dateset1"
"671",710.623529411765,0.946161283917533,0.914898651510293,0.966361605832985,"dateset1"
"672",711.623529411765,0.946262392291301,0.914993158232878,0.966451170024616,"dateset1"
"673",712.623529411765,0.946363321548988,0.915087559240562,0.966540508374962,"dateset1"
"674",713.623529411765,0.946464071967499,0.915181854688631,0.966629621377649,"dateset1"
"675",714.623529411765,0.946564643823465,0.915276044731809,0.96671850952573,"dateset1"
"676",715.623529411765,0.94666503739324,0.915370129524267,0.966807173311679,"dateset1"
"677",716.623529411765,0.946765252952903,0.915464109219623,0.966895613227384,"dateset1"
"678",717.623529411765,0.946865290778253,0.915557983970947,0.96698382976415,"dateset1"
"679",718.623529411765,0.946965151144816,0.915651753930764,0.96707182341269,"dateset1"
"680",719.623529411765,0.947064834327836,0.915745419251062,0.967159594663125,"dateset1"
"681",720.623529411765,0.947164340602282,0.91583898008329,0.967247144004979,"dateset1"
"682",721.623529411765,0.947263670242844,0.915932436578366,0.967334471927179,"dateset1"
"683",722.623529411765,0.947362823523935,0.916025788886679,0.967421578918047,"dateset1"
"684",723.623529411765,0.947461800719686,0.916119037158093,0.967508465465301,"dateset1"
"685",724.623529411765,0.947560602103951,0.916212181541953,0.96759513205605,"dateset1"
"686",725.623529411765,0.947659227950306,0.916305222187084,0.967681579176793,"dateset1"
"687",726.623529411765,0.947757678532044,0.9163981592418,0.967767807313411,"dateset1"
"688",727.623529411765,0.947855954122181,0.916490992853901,0.967853816951173,"dateset1"
"689",728.623529411765,0.94795405499345,0.916583723170685,0.967939608574721,"dateset1"
"690",729.623529411765,0.948051981418306,0.916676350338945,0.968025182668081,"dateset1"
"691",730.623529411765,0.948149733668922,0.916768874504974,0.968110539714647,"dateset1"
"692",731.623529411765,0.948247312017189,0.916861295814571,0.968195680197189,"dateset1"
"693",732.623529411765,0.948344716734718,0.916953614413043,0.968280604597843,"dateset1"
"694",733.623529411765,0.948441948092838,0.917045830445204,0.968365313398112,"dateset1"
"695",734.623529411765,0.948539006362595,0.917137944055388,0.968449807078862,"dateset1"
"696",735.623529411765,0.948635891814753,0.917229955387443,0.96853408612032,"dateset1"
"697",736.623529411765,0.948732604719796,0.91732186458474,0.968618151002071,"dateset1"
"698",737.623529411765,0.948829145347921,0.917413671790175,0.968702002203057,"dateset1"
"699",738.623529411765,0.948925513969044,0.91750537714617,0.96878564020157,"dateset1"
"700",739.623529411765,0.9490217108528,0.917596980794681,0.968869065475256,"dateset1"
"701",740.623529411765,0.949117736268536,0.917688482877195,0.968952278501107,"dateset1"
"702",741.623529411765,0.949213590485318,0.91777988353474,0.969035279755464,"dateset1"
"703",742.623529411765,0.949309273771927,0.917871182907882,0.969118069714007,"dateset1"
"704",743.623529411765,0.94940478639686,0.917962381136733,0.969200648851761,"dateset1"
"705",744.623529411765,0.949500128628328,0.91805347836095,0.96928301764309,"dateset1"
"706",745.623529411765,0.949595300734261,0.918144474719744,0.969365176561691,"dateset1"
"707",746.623529411765,0.949690302982299,0.918235370351874,0.9694471260806,"dateset1"
"708",747.623529411765,0.9497851356398,0.918326165395659,0.969528866672183,"dateset1"
"709",748.623529411765,0.949879798973835,0.918416859988977,0.969610398808136,"dateset1"
"710",749.623529411765,0.94997429325119,0.918507454269268,0.969691722959486,"dateset1"
"711",750.623529411765,0.950068618738364,0.918597948373536,0.969772839596582,"dateset1"
"712",751.623529411765,0.950162775701571,0.918688342438354,0.969853749189099,"dateset1"
"713",752.623529411765,0.950256764406738,0.918778636599868,0.969934452206036,"dateset1"
"714",753.623529411765,0.950350585119504,0.918868830993796,0.970014949115707,"dateset1"
"715",754.623529411765,0.950444238105222,0.918958925755433,0.97009524038575,"dateset1"
"716",755.623529411765,0.95053772362896,0.919048921019655,0.970175326483115,"dateset1"
"717",756.623529411765,0.950631041955495,0.919138816920919,0.970255207874068,"dateset1"
"718",757.623529411765,0.950724193349319,0.919228613593269,0.970334885024186,"dateset1"
"719",758.623529411765,0.950817178074635,0.919318311170336,0.970414358398359,"dateset1"
"720",759.623529411765,0.950909996395357,0.919407909785343,0.970493628460785,"dateset1"
"721",760.623529411765,0.951002648575115,0.919497409571105,0.970572695674966,"dateset1"
"722",761.623529411765,0.951095134877245,0.919586810660035,0.970651560503715,"dateset1"
"723",762.623529411765,0.951187455564799,0.919676113184145,0.970730223409144,"dateset1"
"724",763.623529411765,0.951279610900538,0.919765317275048,0.97080868485267,"dateset1"
"725",764.623529411765,0.951371601146934,0.91985442306396,0.970886945295007,"dateset1"
"726",765.623529411765,0.951463426566169,0.919943430681706,0.970965005196171,"dateset1"
"727",766.623529411765,0.951555087420139,0.920032340258721,0.971042865015473,"dateset1"
"728",767.623529411765,0.951646583970447,0.920121151925049,0.971120525211521,"dateset1"
"729",768.623529411765,0.951737916478408,0.920209865810353,0.971197986242217,"dateset1"
"730",769.623529411765,0.951829085205046,0.920298482043908,0.971275248564754,"dateset1"
"731",770.623529411765,0.951920090411096,0.920387000754614,0.971352312635617,"dateset1"
"732",771.623529411765,0.952010932357002,0.920475422070988,0.971429178910581,"dateset1"
"733",772.623529411765,0.952101611302917,0.920563746121176,0.971505847844709,"dateset1"
"734",773.623529411765,0.952192127508706,0.920651973032949,0.97158231989235,"dateset1"
"735",774.623529411765,0.95228248123394,0.920740102933707,0.97165859550714,"dateset1"
"736",775.623529411765,0.952372672737901,0.920828135950483,0.971734675141998,"dateset1"
"737",776.623529411765,0.952462702279579,0.920916072209943,0.971810559249126,"dateset1"
"738",777.623529411765,0.952552570117673,0.92100391183839,0.971886248280006,"dateset1"
"739",778.623529411765,0.95264227651059,0.921091654961768,0.971961742685404,"dateset1"
"740",779.623529411765,0.952731821716448,0.92117930170566,0.972037042915361,"dateset1"
"741",780.623529411765,0.952821205993069,0.921266852195292,0.972112149419198,"dateset1"
"742",781.623529411765,0.952910429597986,0.921354306555537,0.972187062645511,"dateset1"
"743",782.623529411765,0.952999492788439,0.921441664910917,0.972261783042174,"dateset1"
"744",783.623529411765,0.953088395821377,0.921528927385603,0.972336311056333,"dateset1"
"745",784.623529411765,0.953177138953455,0.921616094103419,0.972410647134408,"dateset1"
"746",785.623529411765,0.953265722441037,0.921703165187843,0.97248479172209,"dateset1"
"747",786.623529411765,0.953354146540194,0.921790140762012,0.972558745264341,"dateset1"
"748",787.623529411765,0.953442411506702,0.921877020948719,0.972632508205396,"dateset1"
"749",788.623529411765,0.953530517596047,0.921963805870422,0.972706080988756,"dateset1"
"750",789.623529411765,0.953618465063422,0.922050495649239,0.972779464057189,"dateset1"
"751",790.623529411765,0.953706254163724,0.922137090406955,0.972852657852733,"dateset1"
"752",791.623529411765,0.953793885151559,0.922223590265024,0.972925662816689,"dateset1"
"753",792.623529411765,0.953881358281241,0.922309995344566,0.972998479389626,"dateset1"
"754",793.623529411765,0.953968673806787,0.922396305766378,0.973071108011375,"dateset1"
"755",794.623529411765,0.954055831981922,0.922482521650926,0.97314354912103,"dateset1"
"756",795.623529411765,0.954142833060077,0.922568643118354,0.973215803156948,"dateset1"
"757",796.623529411765,0.954229677294391,0.922654670288485,0.973287870556748,"dateset1"
"758",797.623529411765,0.954316364937705,0.922740603280819,0.97335975175731,"dateset1"
"759",798.623529411765,0.95440289624257,0.922826442214539,0.973431447194772,"dateset1"
"760",799.623529411765,0.95448927146124,0.922912187208514,0.973502957304533,"dateset1"
"761",800.623529411765,0.954575490845677,0.922997838381295,0.973574282521249,"dateset1"
"762",801.623529411765,0.954661554647545,0.923083395851124,0.973645423278833,"dateset1"
"763",802.623529411765,0.954747463118218,0.923168859735931,0.973716380010458,"dateset1"
"764",803.623529411765,0.954833216508773,0.923254230153337,0.97378715314855,"dateset1"
"765",804.623529411765,0.95491881506999,0.923339507220658,0.973857743124792,"dateset1"
"766",805.623529411765,0.955004259052359,0.923424691054903,0.973928150370121,"dateset1"
"767",806.623529411765,0.955089548706073,0.923509781772781,0.973998375314727,"dateset1"
"768",807.623529411765,0.955174684281027,0.923594779490697,0.974068418388058,"dateset1"
"769",808.623529411765,0.955259666026826,0.92367968432476,0.974138280018809,"dateset1"
"770",809.623529411765,0.955344494192777,0.923764496390777,0.974207960634932,"dateset1"
"771",810.623529411765,0.955429169027891,0.923849215804265,0.974277460663629,"dateset1"
"772",811.623529411765,0.955513690780886,0.923933842680443,0.974346780531352,"dateset1"
"773",812.623529411765,0.955598059700183,0.924018377134239,0.974415920663805,"dateset1"
"774",813.623529411765,0.955682276033907,0.924102819280291,0.974484881485943,"dateset1"
"775",814.623529411765,0.95576634002989,0.924187169232948,0.974553663421969,"dateset1"
"776",815.623529411765,0.955850251935665,0.924271427106274,0.974622266895335,"dateset1"
"777",816.623529411765,0.955934011998472,0.924355593014045,0.974690692328745,"dateset1"
"778",817.623529411765,0.956017620465253,0.924439667069755,0.974758940144146,"dateset1"
"779",818.623529411765,0.956101077582657,0.924523649386616,0.974827010762737,"dateset1"
"780",819.623529411765,0.956184383597034,0.92460754007756,0.974894904604964,"dateset1"
"781",820.623529411765,0.956267538754439,0.924691339255241,0.974962622090518,"dateset1"
"782",821.623529411765,0.956350543300633,0.924775047032036,0.975030163638338,"dateset1"
"783",822.623529411765,0.956433397481077,0.924858663520045,0.97509752966661,"dateset1"
"784",823.623529411765,0.95651610154094,0.924942188831097,0.975164720592764,"dateset1"
"785",824.623529411765,0.956598655725092,0.925025623076748,0.975231736833478,"dateset1"
"786",825.623529411765,0.956681060278107,0.925108966368283,0.975298578804673,"dateset1"
"787",826.623529411765,0.956763315444264,0.925192218816719,0.975365246921517,"dateset1"
"788",827.623529411765,0.956845421467544,0.925275380532807,0.975431741598421,"dateset1"
"789",828.623529411765,0.956927378591633,0.925358451627029,0.975498063249043,"dateset1"
"790",829.623529411765,0.95700918705992,0.925441432209606,0.975564212286284,"dateset1"
"791",830.623529411765,0.957090847115498,0.925524322390494,0.975630189122287,"dateset1"
"792",831.623529411765,0.957172359001162,0.925607122279391,0.975695994168441,"dateset1"
"793",832.623529411765,0.957253722959411,0.925689831985732,0.97576162783538,"dateset1"
"794",833.623529411765,0.957334939232449,0.925772451618695,0.975827090532978,"dateset1"
"795",834.623529411765,0.957416008062181,0.925854981287203,0.975892382670355,"dateset1"
"796",835.623529411765,0.957496929690216,0.925937421099922,0.975957504655872,"dateset1"
"797",836.623529411765,0.957577704357868,0.926019771165265,0.976022456897135,"dateset1"
"798",837.623529411765,0.957658332306152,0.926102031591393,0.976087239800992,"dateset1"
"799",838.623529411765,0.957738813775787,0.926184202486215,0.976151853773534,"dateset1"
"800",839.623529411765,0.957819149007195,0.926266283957392,0.976216299220093,"dateset1"
"801",840.623529411765,0.957899338240503,0.926348276112336,0.976280576545246,"dateset1"
"802",841.623529411765,0.957979381715538,0.926430179058214,0.97634468615281,"dateset1"
"803",842.623529411765,0.958059279671833,0.926511992901945,0.976408628445848,"dateset1"
"804",843.623529411765,0.958139032348621,0.926593717750208,0.976472403826662,"dateset1"
"805",844.623529411765,0.958218639984842,0.926675353709435,0.976536012696798,"dateset1"
"806",845.623529411765,0.958298102819137,0.926756900885821,0.976599455457043,"dateset1"
"807",846.623529411765,0.958377421089849,0.926838359385319,0.976662732507429,"dateset1"
"808",847.623529411765,0.958456595035025,0.926919729313645,0.976725844247227,"dateset1"
"809",848.623529411765,0.958535624892417,0.927001010776275,0.976788791074953,"dateset1"
"810",849.623529411765,0.958614510899476,0.927082203878454,0.976851573388363,"dateset1"
"811",850.623529411765,0.958693253293361,0.927163308725187,0.97691419158446,"dateset1"
"812",851.623529411765,0.958771852310929,0.927244325421251,0.976976646059484,"dateset1"
"813",852.623529411765,0.958850308188744,0.927325254071187,0.97703893720892,"dateset1"
"814",853.623529411765,0.958928621163071,0.927406094779308,0.977101065427498,"dateset1"
"815",854.623529411765,0.959006791469879,0.927486847649697,0.977163031109186,"dateset1"
"816",855.623529411765,0.959084819344839,0.927567512786208,0.9772248346472,"dateset1"
"817",856.623529411765,0.959162705023326,0.927648090292469,0.977286476433995,"dateset1"
"818",857.623529411765,0.959240448740417,0.927728580271882,0.977347956861271,"dateset1"
"819",858.623529411765,0.959318050730894,0.927808982827626,0.977409276319972,"dateset1"
"820",859.623529411765,0.959395511229241,0.927889298062654,0.977470435200283,"dateset1"
"821",860.623529411765,0.959472830469644,0.9279695260797,0.977531433891636,"dateset1"
"822",861.623529411765,0.959550008685993,0.928049666981275,0.977592272782704,"dateset1"
"823",862.623529411765,0.959627046111883,0.928129720869671,0.977652952261405,"dateset1"
"824",863.623529411765,0.959703942980609,0.928209687846962,0.977713472714902,"dateset1"
"825",864.623529411765,0.95978069952517,0.928289568015006,0.977773834529602,"dateset1"
"826",865.623529411765,0.95985731597827,0.928369361475442,0.977834038091156,"dateset1"
"827",866.623529411765,0.959933792572315,0.928449068329696,0.97789408378446,"dateset1"
"828",867.623529411765,0.960010129539414,0.92852868867898,0.977953971993657,"dateset1"
"829",868.623529411765,0.96008632711138,0.928608222624293,0.978013703102132,"dateset1"
"830",869.623529411765,0.960162385519728,0.928687670266423,0.97807327749252,"dateset1"
"831",870.623529411765,0.960238304995678,0.928767031705946,0.978132695546698,"dateset1"
"832",871.623529411765,0.960314085770152,0.928846307043232,0.978191957645792,"dateset1"
"833",872.623529411765,0.960389728073776,0.92892549637844,0.978251064170174,"dateset1"
"834",873.623529411765,0.960465232136879,0.929004599811521,0.97831001549946,"dateset1"
"835",874.623529411765,0.960540598189495,0.929083617442224,0.978368812012519,"dateset1"
"836",875.623529411765,0.96061582646136,0.92916254937009,0.978427454087461,"dateset1"
"837",876.623529411765,0.960690917181913,0.929241395694456,0.97848594210165,"dateset1"
"838",877.623529411765,0.960765870580299,0.929320156514457,0.978544276431693,"dateset1"
"839",878.623529411765,0.960840686885365,0.929398831929027,0.978602457453449,"dateset1"
"840",879.623529411765,0.96091536632566,0.929477422036898,0.978660485542026,"dateset1"
"841",880.623529411765,0.96098990912944,0.929555926936602,0.978718361071778,"dateset1"
"842",881.623529411765,0.961064315524664,0.929634346726475,0.978776084416312,"dateset1"
"843",882.623529411765,0.961138585738993,0.929712681504652,0.978833655948484,"dateset1"
"844",883.623529411765,0.961212719999794,0.929790931369073,0.978891076040401,"dateset1"
"845",884.623529411765,0.961286718534136,0.929869096417482,0.97894834506342,"dateset1"
"846",885.623529411765,0.961360581568794,0.929947176747429,0.979005463388151,"dateset1"
"847",886.623529411765,0.961434309330246,0.93002517245627,0.979062431384453,"dateset1"
"848",887.623529411765,0.961507902044674,0.930103083641168,0.979119249421441,"dateset1"
"849",888.623529411765,0.961581359937964,0.930180910399094,0.97917591786748,"dateset1"
"850",889.623529411765,0.961654683235706,0.93025865282683,0.979232437090188,"dateset1"
"851",890.623529411765,0.961727872163196,0.930336311020966,0.979288807456439,"dateset1"
"852",891.623529411765,0.961800926945433,0.930413885077905,0.979345029332359,"dateset1"
"853",892.623529411765,0.96187384780712,0.93049137509386,0.97940110308333,"dateset1"
"854",893.623529411765,0.961946634972666,0.93056878116486,0.979457029073987,"dateset1"
"855",894.623529411765,0.962019288666184,0.930646103386746,0.979512807668223,"dateset1"
"856",895.623529411765,0.962091809111489,0.930723341855173,0.979568439229186,"dateset1"
"857",896.623529411765,0.962164196532105,0.930800496665615,0.979623924119281,"dateset1"
"858",897.623529411765,0.962236451151259,0.930877567913361,0.979679262700169,"dateset1"
"859",898.623529411765,0.962308573191881,0.930954555693515,0.97973445533277,"dateset1"
"860",899.623529411765,0.962380562876609,0.931031460101005,0.979789502377263,"dateset1"
"861",900.623529411765,0.962452420427784,0.931108281230575,0.979844404193083,"dateset1"
"862",901.623529411765,0.962524146067452,0.931185019176789,0.979899161138926,"dateset1"
"863",902.623529411765,0.962595740017366,0.931261674034034,0.979953773572749,"dateset1"
"864",903.623529411765,0.962667202498982,0.931338245896517,0.980008241851768,"dateset1"
"865",904.623529411765,0.962738533733462,0.93141473485827,0.98006256633246,"dateset1"
"866",905.623529411765,0.962809733941675,0.931491141013148,0.980116747370564,"dateset1"
"867",906.623529411765,0.962880803344194,0.931567464454831,0.980170785321081,"dateset1"
"868",907.623529411765,0.962951742161297,0.931643705276823,0.980224680538276,"dateset1"
"869",908.623529411765,0.963022550612968,0.931719863572457,0.980278433375675,"dateset1"
"870",909.623529411765,0.963093228918899,0.931795939434889,0.980332044186072,"dateset1"
"871",910.623529411765,0.963163777298486,0.931871932957108,0.980385513321521,"dateset1"
"872",911.623529411765,0.963234195970829,0.931947844231929,0.980438841133345,"dateset1"
"873",912.623529411765,0.963304485154738,0.932023673351995,0.980492027972131,"dateset1"
"874",913.623529411765,0.963374645068727,0.932099420409784,0.980545074187733,"dateset1"
"875",914.623529411765,0.963444675931015,0.932175085497602,0.980597980129273,"dateset1"
"876",915.623529411765,0.963514577959531,0.932250668707586,0.980650746145139,"dateset1"
"877",916.623529411765,0.963584351371906,0.93232617013171,0.98070337258299,"dateset1"
"878",917.623529411765,0.963653996385481,0.932401589861778,0.980755859789753,"dateset1"
"879",918.623529411765,0.963723513217303,0.932476927989429,0.980808208111625,"dateset1"
"880",919.623529411765,0.963792902084123,0.932552184606139,0.980860417894072,"dateset1"
"881",920.623529411765,0.963862163202403,0.932627359803217,0.980912489481835,"dateset1"
"882",921.623529411765,0.963931296788309,0.932702453671812,0.980964423218923,"dateset1"
"883",922.623529411765,0.964000303057715,0.932777466302908,0.98101621944862,"dateset1"
"884",923.623529411765,0.964069182226203,0.932852397787329,0.981067878513483,"dateset1"
"885",924.623529411765,0.96413793450906,0.932927248215735,0.981119400755343,"dateset1"
"886",925.623529411765,0.964206560121283,0.93300201767863,0.981170786515305,"dateset1"
